select H.st_id, U.name from HasTA H, Students S, Users U where H.st_id=S.st_id and S.userid=U.userid;
select E.c_id, C.c_name, COUNT(*) AS "Enrolled" from Enrolled_In E, Courses C where E.c_id=C.c_id GROUP BY (E.c_id,C.c_name);
select HS.st_id, HS.ex_id, HS.with_score, HS.submit_time from Has_Solved HS, Exercises E, Topics T where HS.ex_id=E.ex_id and E.tp_id=T.tp_id and T.c_id='CSC540';
select * from exercises;
select * from HAS_SOLVED;
select U.name from HAS_SOLVED H, STUDENTS S, USERS U where U.userid=S.userid and H.st_id=S.st_id and H.ex_id=1 and H.st_id not in (Select G.st_id from HAS_SOLVED G where G.ex_id=2);
select * from topics;


Insert into ROLES (ROLE,ROLEID) values ('Professor',1);
Insert into ROLES (ROLE,ROLEID) values ('TA',2);
Insert into ROLES (ROLE,ROLEID) values ('Student',3);
Insert into USERS (USERID,PASSWORD,NAME,ROLEID) values ('tregan','tregan','Tom Regan',3);
Insert into USERS (USERID,PASSWORD,NAME,ROLEID) values ('jmick','jmick','Jenelle Mick',2);
Insert into USERS (USERID,PASSWORD,NAME,ROLEID) values ('mfisher','mfisher','Michal Fisher',3);
Insert into USERS (USERID,PASSWORD,NAME,ROLEID) values ('jander','jander','Joseph Anderson',3);
Insert into USERS (USERID,PASSWORD,NAME,ROLEID) values ('jharla','jharla','Jitendra Harlalka',2);
Insert into USERS (USERID,PASSWORD,NAME,ROLEID) values ('aneela','aneela','Aishwarya Neelakantan',2);
Insert into USERS (USERID,PASSWORD,NAME,ROLEID) values ('mjones','mjones','Mary Jones',2);
Insert into USERS (USERID,PASSWORD,NAME,ROLEID) values ('jmoyer','jmoyer','James Moyer',2);
Insert into USERS (USERID,PASSWORD,NAME,ROLEID) values ('kogan','kogan','Kemafor Ogan',1);
Insert into USERS (USERID,PASSWORD,NAME,ROLEID) values ('rchirkova','rchirkova','Rada Chirkova',1);
Insert into USERS (USERID,PASSWORD,NAME,ROLEID) values ('chealey','chealey','Christipher Healey',1);
Insert into STUDENTS (ST_ID,USERID,ISGRAD) values (10001,'tregan',0);
Insert into STUDENTS (ST_ID,USERID,ISGRAD) values (10002,'jmick',1);
Insert into STUDENTS (ST_ID,USERID,ISGRAD) values (10003,'mfisher',0);
Insert into STUDENTS (ST_ID,USERID,ISGRAD) values (10004,'jander',0);
Insert into STUDENTS (ST_ID,USERID,ISGRAD) values (10005,'jharla',1);
Insert into STUDENTS (ST_ID,USERID,ISGRAD) values (10006,'aneela',1);
Insert into STUDENTS (ST_ID,USERID,ISGRAD) values (10007,'mjones',1);
Insert into STUDENTS (ST_ID,USERID,ISGRAD) values (10008,'jmoyer',1);
Insert into PROFESSOR (PROF_ID,USERID) values (20001,'kogan');
Insert into PROFESSOR (PROF_ID,USERID) values (20002,'rchirkova');
Insert into PROFESSOR (PROF_ID,USERID) values (20003,'chealey');
Insert into MASTER_TOPICS (TP_ID,TP_NAME) values (1,'ER Model');
Insert into MASTER_TOPICS (TP_ID,TP_NAME) values (2,'SQL');
Insert into MASTER_TOPICS (TP_ID,TP_NAME) values (3,'Storing Data:Disks and Files');
Insert into MASTER_TOPICS (TP_ID,TP_NAME) values (4,'Primary File Organization');
Insert into MASTER_TOPICS (TP_ID,TP_NAME) values (5,'Hashing Techniques');
Insert into MASTER_TOPICS (TP_ID,TP_NAME) values (6,'Binary Tree Structures');
Insert into MASTER_TOPICS (TP_ID,TP_NAME) values (7,'AVL Trees');
Insert into MASTER_TOPICS (TP_ID,TP_NAME) values (8,'Sequential File Organization');
Insert into MASTER_TOPICS (TP_ID,TP_NAME) values (9,'BinarySearch');
Insert into MASTER_TOPICS (TP_ID,TP_NAME) values (10,'Interpolation Search');
Insert into MASTER_TOPICS (TP_ID,TP_NAME) values (11,'Introduction to database design');
Insert into COURSES (C_ID,C_NAME,C_START_DATE,C_END_DATE,PROF_ID,LEVELGRAD,MAX_STUDENTS) values ('CSC440','Database Systems',to_date('27-08-17','DD-MM-RR'),to_date('12-12-17','DD-MM-RR'),20002,0,5);
Insert into COURSES (C_ID,C_NAME,C_START_DATE,C_END_DATE,PROF_ID,LEVELGRAD,MAX_STUDENTS) values ('CSC540','Database Systems',to_date('25-08-17','DD-MM-RR'),to_date('10-12-17','DD-MM-RR'),20001,1,5);
Insert into COURSES (C_ID,C_NAME,C_START_DATE,C_END_DATE,PROF_ID,LEVELGRAD,MAX_STUDENTS) values ('CSC541','Advanced Data Structures',to_date('25-08-17','DD-MM-RR'),to_date('06-12-17','DD-MM-RR'),20003,1,5);
Insert into HASTA (C_ID,ST_ID) values ('CSC440',10006);
Insert into HASTA (C_ID,ST_ID) values ('CSC440',10002);
Insert into HASTA (C_ID,ST_ID) values ('CSC540',10005);
Insert into HASTA (C_ID,ST_ID) values ('CSC541',10008);
Insert into TOPICS (C_ID,TP_ID) values ('CSC440',4);
Insert into TOPICS (C_ID,TP_ID) values ('CSC540',1);
Insert into TOPICS (C_ID,TP_ID) values ('CSC541',4);
Insert into TOPICS (C_ID,TP_ID) values ('CSC440',6);
Insert into TOPICS (C_ID,TP_ID) values ('CSC540',3);
Insert into TOPICS (C_ID,TP_ID) values ('CSC540',4);
Insert into TOPICS (C_ID,TP_ID) values ('CSC540',6);
Insert into TOPICS (C_ID,TP_ID) values ('CSC541',6);
Insert into ENROLLED_IN (C_ID,ST_ID) values ('CSC440',10004);
Insert into ENROLLED_IN (C_ID,ST_ID) values ('CSC440',10003);
Insert into ENROLLED_IN (C_ID,ST_ID) values ('CSC440',10001);
Insert into ENROLLED_IN (C_ID,ST_ID) values ('CSC540',10007);
Insert into ENROLLED_IN (C_ID,ST_ID) values ('CSC540',10002);
Insert into ENROLLED_IN (C_ID,ST_ID) values ('CSC540',10006);
Insert into ENROLLED_IN (C_ID,ST_ID) values ('CSC541',10007);
Insert into ENROLLED_IN (C_ID,ST_ID) values ('CSC541',10002);
Insert into ENROLLED_IN (C_ID,ST_ID) values ('CSC541',10006);
Insert into QUESTIONS (TP_ID,Q_ID,Q_TEXT,Q_HINT,Q_DEL_SOLN,DIFFICULTY) values (11,1,'Question 1?','Hint text Q1','detailed Explanation Q1',2);
Insert into QUESTIONS (TP_ID,Q_ID,Q_TEXT,Q_HINT,Q_DEL_SOLN,DIFFICULTY) values (11,2,'Question 2?','Hint text Q2',': detailed Explanation Q2',3);
Insert into QUESTIONS (TP_ID,Q_ID,Q_TEXT,Q_HINT,Q_DEL_SOLN,DIFFICULTY) values (11,3,'Consider a disk with a ___ ___ ___ ___ ___ . What is the capacity of a track in bytes? ###','Hint text Q3',': detailed Explanation Q3',2);
Insert into EXERCISES (EX_ID,EX_NAME,EX_MODE,EX_START_DATE,EX_END_DATE,NUM_QUESTIONS,NUM_RETRIES,POLICY,TP_ID,PT_CORRECT,PT_INCORRECT) values (1,'Homework 1 for CSC540','Random',to_date('12-08-17','DD-MM-RR'),to_date('19-09-17','DD-MM-RR'),3,3,'Latest',11,3,1);
Insert into EXERCISES (EX_ID,EX_NAME,EX_MODE,EX_START_DATE,EX_END_DATE,NUM_QUESTIONS,NUM_RETRIES,POLICY,TP_ID,PT_CORRECT,PT_INCORRECT) values (2,'Homework 2 for CSC540 Adaptive Homework','Adaptive',to_date('21-09-17','DD-MM-RR'),to_date('10-10-17','DD-MM-RR'),3,2,'Average',11,4,1);
Insert into EXERCISES (EX_ID,EX_NAME,EX_MODE,EX_START_DATE,EX_END_DATE,NUM_QUESTIONS,NUM_RETRIES,POLICY,TP_ID,PT_CORRECT,PT_INCORRECT) values (3,'Homework 3 for CSC540','Random',to_date('12-10-17','DD-MM-RR'),to_date('30-10-17','DD-MM-RR'),3,-1,'Average',3,4,0);
Insert into QUESTIONS_IN_EX (EX_ID,Q_ID) values (1,1);
Insert into QUESTIONS_IN_EX (EX_ID,Q_ID) values (1,2);
Insert into QUESTIONS_IN_EX (EX_ID,Q_ID) values (1,3);
Insert into QUESTIONS_IN_EX (EX_ID,Q_ID) values (2,1);
Insert into QUESTIONS_IN_EX (EX_ID,Q_ID) values (2,2);
Insert into QUESTIONS_IN_EX (EX_ID,Q_ID) values (2,3);
Insert into QUESTIONS_IN_EX (EX_ID,Q_ID) values (3,1);
Insert into QUESTIONS_IN_EX (EX_ID,Q_ID) values (3,2);
Insert into QUESTIONS_IN_EX (EX_ID,Q_ID) values (3,3);
Insert into PARAM_ANSWERS (Q_ID,Q_COMB_NUM,Q_ANS) values (3,1,'Correct ans 1v1');
Insert into PARAM_ANSWERS (Q_ID,Q_COMB_NUM,Q_ANS) values (3,1,'Correct ans 2v1');
Insert into PARAM_ANSWERS (Q_ID,Q_COMB_NUM,Q_ANS) values (3,1,'Correct ans 3v1');
Insert into PARAM_ANSWERS (Q_ID,Q_COMB_NUM,Q_ANS) values (3,2,'Correct ans 1v2');
Insert into PARAM_ANSWERS (Q_ID,Q_COMB_NUM,Q_ANS) values (3,2,'Correct ans 2v2');
Insert into PARAM_ANSWERS (Q_ID,Q_COMB_NUM,Q_ANS) values (3,2,'Correct ans 3v2');
Insert into PARAM_INC_QUESTIONS (Q_ID,Q_COMB_NUM,Q_INC_ANS) values (3,1,'"Incorrect ans');
Insert into PARAM_INC_QUESTIONS (Q_ID,Q_COMB_NUM,Q_INC_ANS) values (3,1,'"Incorrect ans');
Insert into PARAM_INC_QUESTIONS (Q_ID,Q_COMB_NUM,Q_INC_ANS) values (3,1,'"Incorrect ans');
Insert into PARAM_INC_QUESTIONS (Q_ID,Q_COMB_NUM,Q_INC_ANS) values (3,1,'"Incorrect ans');
Insert into PARAM_INC_QUESTIONS (Q_ID,Q_COMB_NUM,Q_INC_ANS) values (3,1,'"Incorrect ans');
Insert into PARAM_INC_QUESTIONS (Q_ID,Q_COMB_NUM,Q_INC_ANS) values (3,2,'"Incorrect ans');
Insert into PARAM_INC_QUESTIONS (Q_ID,Q_COMB_NUM,Q_INC_ANS) values (3,2,'"Incorrect ans');
Insert into PARAM_INC_QUESTIONS (Q_ID,Q_COMB_NUM,Q_INC_ANS) values (3,2,'"Incorrect ans');
Insert into PARAM_INC_QUESTIONS (Q_ID,Q_COMB_NUM,Q_INC_ANS) values (3,2,'"Incorrect ans');
Insert into PARAM_INC_QUESTIONS (Q_ID,Q_COMB_NUM,Q_INC_ANS) values (3,2,'"Incorrect ans');
Insert into PARAM_QUESTIONS (Q_ID,Q_PAR_NUM,Q_COMB_NUM,Q_PARAM_VALUE) values (3,1,1,'value 1');
Insert into PARAM_QUESTIONS (Q_ID,Q_PAR_NUM,Q_COMB_NUM,Q_PARAM_VALUE) values (3,1,2,'value 2');
Insert into PARAM_QUESTIONS (Q_ID,Q_PAR_NUM,Q_COMB_NUM,Q_PARAM_VALUE) values (3,2,1,'512 bytes');
Insert into PARAM_QUESTIONS (Q_ID,Q_PAR_NUM,Q_COMB_NUM,Q_PARAM_VALUE) values (3,2,2,'256 bytes');
Insert into PARAM_QUESTIONS (Q_ID,Q_PAR_NUM,Q_COMB_NUM,Q_PARAM_VALUE) values (3,3,1,'2000');
Insert into PARAM_QUESTIONS (Q_ID,Q_PAR_NUM,Q_COMB_NUM,Q_PARAM_VALUE) values (3,3,2,'1000');
Insert into PARAM_QUESTIONS (Q_ID,Q_PAR_NUM,Q_COMB_NUM,Q_PARAM_VALUE) values (3,4,1,'50');
Insert into PARAM_QUESTIONS (Q_ID,Q_PAR_NUM,Q_COMB_NUM,Q_PARAM_VALUE) values (3,4,2,'100');
Insert into PARAM_QUESTIONS (Q_ID,Q_PAR_NUM,Q_COMB_NUM,Q_PARAM_VALUE) values (3,5,1,'5');
Insert into PARAM_QUESTIONS (Q_ID,Q_PAR_NUM,Q_COMB_NUM,Q_PARAM_VALUE) values (3,5,2,'10');
Insert into PARAM_QUESTIONS (Q_ID,Q_PAR_NUM,Q_COMB_NUM,Q_PARAM_VALUE) values (3,6,1,'10msec');
Insert into PARAM_QUESTIONS (Q_ID,Q_PAR_NUM,Q_COMB_NUM,Q_PARAM_VALUE) values (3,6,2,'20msec');
Insert into FIXED_INC_ANSWERS (Q_ID,Q_INC_ANSWERS) values (1,'"Incorrect ans');
Insert into FIXED_INC_ANSWERS (Q_ID,Q_INC_ANSWERS) values (1,'"Incorrect ans');
Insert into FIXED_INC_ANSWERS (Q_ID,Q_INC_ANSWERS) values (1,'"Incorrect ans');
Insert into FIXED_INC_ANSWERS (Q_ID,Q_INC_ANSWERS) values (1,'"Incorrect ans');
Insert into FIXED_INC_ANSWERS (Q_ID,Q_INC_ANSWERS) values (2,'"Incorrect ans');
Insert into FIXED_INC_ANSWERS (Q_ID,Q_INC_ANSWERS) values (2,'"Incorrect ans');
Insert into FIXED_INC_ANSWERS (Q_ID,Q_INC_ANSWERS) values (2,'"Incorrect ans');
Insert into FIXED_QUESTIONS (Q_ID,Q_ANS) values (1,'Correct ans 1');
Insert into FIXED_QUESTIONS (Q_ID,Q_ANS) values (1,'Correct ans 2');
Insert into FIXED_QUESTIONS (Q_ID,Q_ANS) values (2,'Correct ans 1');
Insert into FIXED_QUESTIONS (Q_ID,Q_ANS) values (2,'Correct ans 2');
Insert into FIXED_QUESTIONS (Q_ID,Q_ANS) values (2,'Correct ans 3');
Insert into ASSIGN_ATTEMPT (ATTEMPT_NUM,EX_ID,Q_ID,ST_ID,IS_CORRECT,Q_COMB_NUM) values (1,1,1,10007,1,0);
Insert into ASSIGN_ATTEMPT (ATTEMPT_NUM,EX_ID,Q_ID,ST_ID,IS_CORRECT,Q_COMB_NUM) values (1,1,2,10007,1,0);
Insert into ASSIGN_ATTEMPT (ATTEMPT_NUM,EX_ID,Q_ID,ST_ID,IS_CORRECT,Q_COMB_NUM) values (1,1,3,10007,0,0);
Insert into ASSIGN_ATTEMPT (ATTEMPT_NUM,EX_ID,Q_ID,ST_ID,IS_CORRECT,Q_COMB_NUM) values (2,1,1,10007,1,0);
Insert into ASSIGN_ATTEMPT (ATTEMPT_NUM,EX_ID,Q_ID,ST_ID,IS_CORRECT,Q_COMB_NUM) values (2,1,2,10007,1,0);
Insert into ASSIGN_ATTEMPT (ATTEMPT_NUM,EX_ID,Q_ID,ST_ID,IS_CORRECT,Q_COMB_NUM) values (2,1,3,10007,1,0);
Insert into ASSIGN_ATTEMPT (ATTEMPT_NUM,EX_ID,Q_ID,ST_ID,IS_CORRECT,Q_COMB_NUM) values (1,1,1,10002,1,0);
Insert into ASSIGN_ATTEMPT (ATTEMPT_NUM,EX_ID,Q_ID,ST_ID,IS_CORRECT,Q_COMB_NUM) values (1,1,2,10002,1,0);
Insert into ASSIGN_ATTEMPT (ATTEMPT_NUM,EX_ID,Q_ID,ST_ID,IS_CORRECT,Q_COMB_NUM) values (1,1,3,10002,1,0);
Insert into ASSIGN_ATTEMPT (ATTEMPT_NUM,EX_ID,Q_ID,ST_ID,IS_CORRECT,Q_COMB_NUM) values (1,2,1,10006,1,0);
Insert into ASSIGN_ATTEMPT (ATTEMPT_NUM,EX_ID,Q_ID,ST_ID,IS_CORRECT,Q_COMB_NUM) values (1,2,2,10006,1,0);
Insert into ASSIGN_ATTEMPT (ATTEMPT_NUM,EX_ID,Q_ID,ST_ID,IS_CORRECT,Q_COMB_NUM) values (1,2,3,10006,0,0);
Insert into ASSIGN_ATTEMPT (ATTEMPT_NUM,EX_ID,Q_ID,ST_ID,IS_CORRECT,Q_COMB_NUM) values (2,2,2,10006,1,0);
Insert into ASSIGN_ATTEMPT (ATTEMPT_NUM,EX_ID,Q_ID,ST_ID,IS_CORRECT,Q_COMB_NUM) values (2,2,1,10006,1,0);
Insert into ASSIGN_ATTEMPT (ATTEMPT_NUM,EX_ID,Q_ID,ST_ID,IS_CORRECT,Q_COMB_NUM) values (2,2,3,10006,1,0);
Insert into ASSIGN_ATTEMPT (ATTEMPT_NUM,EX_ID,Q_ID,ST_ID,IS_CORRECT,Q_COMB_NUM) values (1,2,3,10007,1,0);
Insert into ASSIGN_ATTEMPT (ATTEMPT_NUM,EX_ID,Q_ID,ST_ID,IS_CORRECT,Q_COMB_NUM) values (1,2,1,10007,0,0);
Insert into ASSIGN_ATTEMPT (ATTEMPT_NUM,EX_ID,Q_ID,ST_ID,IS_CORRECT,Q_COMB_NUM) values (1,2,2,10007,0,0);
Insert into ASSIGN_ATTEMPT (ATTEMPT_NUM,EX_ID,Q_ID,ST_ID,IS_CORRECT,Q_COMB_NUM) values (2,2,1,10007,1,0);
Insert into ASSIGN_ATTEMPT (ATTEMPT_NUM,EX_ID,Q_ID,ST_ID,IS_CORRECT,Q_COMB_NUM) values (2,2,3,10007,1,0);
Insert into ASSIGN_ATTEMPT (ATTEMPT_NUM,EX_ID,Q_ID,ST_ID,IS_CORRECT,Q_COMB_NUM) values (2,2,2,10007,0,0);
Insert into ASSIGN_ATTEMPT (ATTEMPT_NUM,EX_ID,Q_ID,ST_ID,IS_CORRECT,Q_COMB_NUM) values (1,3,1,10006,1,0);
Insert into ASSIGN_ATTEMPT (ATTEMPT_NUM,EX_ID,Q_ID,ST_ID,IS_CORRECT,Q_COMB_NUM) values (1,3,3,10006,1,0);
Insert into ASSIGN_ATTEMPT (ATTEMPT_NUM,EX_ID,Q_ID,ST_ID,IS_CORRECT,Q_COMB_NUM) values (1,3,2,10006,0,0);
Insert into ASSIGN_ATTEMPT (ATTEMPT_NUM,EX_ID,Q_ID,ST_ID,IS_CORRECT,Q_COMB_NUM) values (2,3,1,10006,1,0);
Insert into ASSIGN_ATTEMPT (ATTEMPT_NUM,EX_ID,Q_ID,ST_ID,IS_CORRECT,Q_COMB_NUM) values (2,3,3,10006,0,0);
Insert into ASSIGN_ATTEMPT (ATTEMPT_NUM,EX_ID,Q_ID,ST_ID,IS_CORRECT,Q_COMB_NUM) values (2,3,2,10006,0,0);
Insert into ASSIGN_ATTEMPT (ATTEMPT_NUM,EX_ID,Q_ID,ST_ID,IS_CORRECT,Q_COMB_NUM) values (3,3,1,10006,1,0);
Insert into ASSIGN_ATTEMPT (ATTEMPT_NUM,EX_ID,Q_ID,ST_ID,IS_CORRECT,Q_COMB_NUM) values (3,3,3,10006,1,0);
Insert into ASSIGN_ATTEMPT (ATTEMPT_NUM,EX_ID,Q_ID,ST_ID,IS_CORRECT,Q_COMB_NUM) values (3,3,2,10006,1,0);
Insert into ASSIGN_ATTEMPT (ATTEMPT_NUM,EX_ID,Q_ID,ST_ID,IS_CORRECT,Q_COMB_NUM) values (1,3,1,10007,1,0);
Insert into ASSIGN_ATTEMPT (ATTEMPT_NUM,EX_ID,Q_ID,ST_ID,IS_CORRECT,Q_COMB_NUM) values (1,3,2,10007,1,0);
Insert into ASSIGN_ATTEMPT (ATTEMPT_NUM,EX_ID,Q_ID,ST_ID,IS_CORRECT,Q_COMB_NUM) values (1,3,3,10007,0,0);
Insert into ASSIGN_ATTEMPT (ATTEMPT_NUM,EX_ID,Q_ID,ST_ID,IS_CORRECT,Q_COMB_NUM) values (2,3,1,10007,1,0);
Insert into ASSIGN_ATTEMPT (ATTEMPT_NUM,EX_ID,Q_ID,ST_ID,IS_CORRECT,Q_COMB_NUM) values (2,3,2,10007,1,0);
Insert into ASSIGN_ATTEMPT (ATTEMPT_NUM,EX_ID,Q_ID,ST_ID,IS_CORRECT,Q_COMB_NUM) values (2,3,3,10007,1,0);

Insert into HAS_SOLVED (ST_ID,EX_ID,WITH_SCORE,SUBMIT_TIME,ATTEMPT_NUM) values (10007,1,5,to_date('08-08-17','DD-MM-RR'),1);
Insert into HAS_SOLVED (ST_ID,EX_ID,WITH_SCORE,SUBMIT_TIME,ATTEMPT_NUM) values (10007,1,9,to_date('08-08-17','DD-MM-RR'),2);
Insert into HAS_SOLVED (ST_ID,EX_ID,WITH_SCORE,SUBMIT_TIME,ATTEMPT_NUM) values (10002,1,9,to_date('08-08-17','DD-MM-RR'),1);
Insert into HAS_SOLVED (ST_ID,EX_ID,WITH_SCORE,SUBMIT_TIME,ATTEMPT_NUM) values (10006,2,7,to_date('08-08-17','DD-MM-RR'),1);
Insert into HAS_SOLVED (ST_ID,EX_ID,WITH_SCORE,SUBMIT_TIME,ATTEMPT_NUM) values (10006,2,12,to_date('08-08-17','DD-MM-RR'),2);
Insert into HAS_SOLVED (ST_ID,EX_ID,WITH_SCORE,SUBMIT_TIME,ATTEMPT_NUM) values (10006,2,10,to_date('08-08-17','DD-MM-RR'),3);
Insert into HAS_SOLVED (ST_ID,EX_ID,WITH_SCORE,SUBMIT_TIME,ATTEMPT_NUM) values (10007,2,3,to_date('08-08-17','DD-MM-RR'),1);
Insert into HAS_SOLVED (ST_ID,EX_ID,WITH_SCORE,SUBMIT_TIME,ATTEMPT_NUM) values (10007,2,7,to_date('08-08-17','DD-MM-RR'),2);
Insert into HAS_SOLVED (ST_ID,EX_ID,WITH_SCORE,SUBMIT_TIME,ATTEMPT_NUM) values (10007,3,8,to_date('08-08-17','DD-MM-RR'),1);
Insert into HAS_SOLVED (ST_ID,EX_ID,WITH_SCORE,SUBMIT_TIME,ATTEMPT_NUM) values (10007,3,12,to_date('08-08-17','DD-MM-RR'),2);
Insert into HAS_SOLVED (ST_ID,EX_ID,WITH_SCORE,SUBMIT_TIME,ATTEMPT_NUM) values (10006,3,8,to_date('08-08-17','DD-MM-RR'),1);
Insert into HAS_SOLVED (ST_ID,EX_ID,WITH_SCORE,SUBMIT_TIME,ATTEMPT_NUM) values (10006,3,4,to_date('08-08-17','DD-MM-RR'),2);
Insert into HAS_SOLVED (ST_ID,EX_ID,WITH_SCORE,SUBMIT_TIME,ATTEMPT_NUM) values (10006,3,12,to_date('08-08-17','DD-MM-RR'),3);
